<?xml version="1.0" encoding="UTF-8"?>
<addon
  id="resource.language.mk_mk"
  version="9.0.8"
  name="Macedonian"
  provider-name="Team Kodi">
  <requires>
    <import addon="kodi.resource" version="1.0.0"/>
  </requires>
  <extension
    point="kodi.resource.language"
    locale="mk_MK">
    <charsets>
      <gui unicodefont="true">utf-8</gui>
      <subtitle>utf-8</subtitle>
    </charsets>
  </extension>
  <extension point="kodi.addon.metadata">
    <summary lang="en">Macedonian language pack</summary>
    <description lang="en">Macedonian version of all texts used in Kodi.</description>
    <platform>all</platform>
    <assets>
      <icon>icon.png</icon>
    </assets>
  </extension>
</addon>
