<?xml version="1.0" encoding="UTF-8" standalone="yes"?>
<addon id="script.module.torqueswift" name="TorqueSwift" version="2.0.0" provider-name="Racing on Demand">
  <requires>
    <import addon="xbmc.python" version="2.26.0"/>
    <import addon="script.module.pycryptodome" />
    <import addon="script.module.requests" />
    <import addon="script.module.kodi-six" />
    <import addon="script.module.future" />
    <import addon="script.module.routing" />
  </requires>
  <extension point="xbmc.python.pluginsource" library="addon.py">
    <provides>all</provides>
  </extension>
  <extension point="xbmc.addon.metadata">
    <reuselanguageinvoker>true</reuselanguageinvoker>
    <summary lang="en_gb">This module has been cloned from the Racc TvOne add-on. Any and all credit must go to himself.</summary>
    <description lang="en_gb">Racing On Demand </description>
    <disclaimer lang="en_gb"></disclaimer>
    <platform>all</platform>
    <license>GPL-1.0-only</license>
   </extension>
</addon>
