<?xml version="1.0" encoding="UTF-8"?>
<window>
	<coordinates>
		<left>250</left>
		<top>215</top>
	</coordinates>
	<include>dialogeffect</include>
	<depth>DepthDialog+</depth>
	<controls>
		<control type="group">
			<control type="image">
				<description>background image</description>
				<left>0</left>
				<top>0</top>
				<width>780</width>
				<height>290</height>
				<texture border="40">$VAR[SelectBack]</texture>
			</control>
			<control type="image">
				<description>Dialog Header image</description>
				<left>30</left>
				<top>16</top>
				<width>720</width>
				<height>40</height>
				<texture>dialogheader.png</texture>
			</control>
			<control type="label" id="1">
				<description>header label</description>
				<left>30</left>
				<top>20</top>
				<width>720</width>
				<height>30</height>
				<font>font13_title</font>
				<align>center</align>
				<aligny>center</aligny>
				<textcolor>selected</textcolor>
				<shadowcolor>black</shadowcolor>
			</control>
			<control type="button">
				<description>Close Window button</description>
				<left>690</left>
				<top>15</top>
				<width>64</width>
				<height>32</height>
				<label/>
				<font/>
				<onclick>PreviousMenu</onclick>
				<texturefocus colordiffuse="$INFO[Skin.String(menuColor)]" >DialogCloseButton-focus.png</texturefocus>
				<texturenofocus>DialogCloseButton.png</texturenofocus>
				<visible>system.getbool(input.enablemouse)</visible>
			</control>
			<!-- Main -->
			<control type="grouplist" id="9000">
				<description>Edit channel controls</description>
				<top>70</top>
				<left>30</left>
				<onleft>9001</onleft>
				<onright>9001</onright>
				<itemgap>10</itemgap>
				<control type="button" id="30">
					<description>Org channel name</description>
					<left>0</left>
					<top>0</top>
					<width>500</width>
					<height>40</height>
					<font>font12</font>
					<texturefocus colordiffuse="$INFO[Skin.String(menuColor)]" border="5">button-focus2.png</texturefocus>
					<texturenofocus border="5">button-nofocus.png</texturenofocus>
					<enable>false</enable>
				</control>
				<control type="button" id="31">
					<description>User channel name</description>
					<left>0</left>
					<top>0</top>
					<width>500</width>
					<height>40</height>
					<font>font12</font>
					<texturefocus colordiffuse="$INFO[Skin.String(menuColor)]" border="5">button-focus2.png</texturefocus>
					<texturenofocus border="5">button-nofocus.png</texturenofocus>
				</control>
				<control type="button" id="32">
					<description>Channel icon</description>
					<left>0</left>
					<top>0</top>
					<width>500</width>
					<height>40</height>
					<font>font12</font>
					<texturefocus colordiffuse="$INFO[Skin.String(menuColor)]" border="5">button-focus2.png</texturefocus>
					<texturenofocus border="5">button-nofocus.png</texturenofocus>
				</control>
				<control type="button" id="33">
					<description>Channel correction</description>
					<left>0</left>
					<top>0</top>
					<width>500</width>
					<height>40</height>
					<font>font12</font>
					<texturefocus colordiffuse="$INFO[Skin.String(menuColor)]" border="5">button-focus2.png</texturefocus>
					<texturenofocus border="5">button-nofocus.png</texturenofocus>
				</control>
			</control>
			<!-- include Buttons (Save, Cancel, other) -->
			<control type="grouplist" id="9001">
				<description>Button grouplist</description>
				<left>550</left>
				<top>70</top>
				<onleft>9000</onleft>
				<onright>9000</onright>
				<itemgap>10</itemgap>
				<control type="button" id="34">
					<description>Button Delete</description>
					<width>200</width>
					<height>40</height>
					<font>font12_title</font>
					<textcolor>white</textcolor>
					<focusedcolor>white</focusedcolor>
					<align>center</align>
				</control>
				<control type="button" id="35">
					<description>Button OK</description>
					<width>200</width>
					<height>40</height>
					<font>font12_title</font>
					<textcolor>white</textcolor>
					<focusedcolor>white</focusedcolor>
					<align>center</align>
				</control>
				<control type="button" id="36">
					<description>Cancel button</description>
					<width>200</width>
					<height>40</height>
					<font>font12_title</font>
					<textcolor>white</textcolor>
					<focusedcolor>white</focusedcolor>
					<align>center</align>
				</control>
			</control>
		</control>
	</controls>
</window>