<?xml version="1.0" encoding="UTF-8"?>
<!--Alaska-->
<includes>
  <include name="Viewtype_Wall">
    <!-- <include>ContentPanelBackgrounds</include> -->
    <control type="image">
      <left>0</left>
      <bottom>50</bottom>
      <width>1280</width>
      <height>850</height>
      <texture >black-back1.png</texture>

      <animation effect="fade" time="250" condition="Window.Previous(Home)">WindowOpen</animation>
      <animation effect="fade" time="250" condition="Window.Next(Home)">WindowClose</animation>
      <visible>!Skin.HasSetting(no_Wall) + [Container.Content(Movies) | Window.IsVisible(VideoFiles) | Container.Content(TVShows)] + Control.IsVisible(54)</visible>
    </control>
    <control type="panel" id="54">
      <visible>!Skin.HasSetting(no_Wall) + [Container.Content(Movies) | Window.IsVisible(VideoFiles) | Container.Content(TVShows)]</visible>
      <animation effect="slide" start="0,0" end="-500,0" time="200" delay="600" condition="Player.HasVideo">Conditional</animation>
      <left>55</left>
      <top>55</top>
      <!-- -105 -->
      <width>1170</width>
      <height>720</height>
      <!-- 1570  1280 -->
      <pagecontrol>60</pagecontrol>
      <scrolltime>400</scrolltime>
      <orientation>horizontal</orientation>
      <viewtype label="3er Wall">Wall</viewtype>
      <onleft>54</onleft>
      <onright>54</onright>
      <onup>9000</onup>
      <ondown>9000</ondown>
      <!-- <include>wallpanelslantanimation</include> -->
      <itemlayout width="130" height="200">
        <control type="group">
          <!-- <animation effect="fade" start="100" end="0" time="400" delay="2800" condition="Skin.HasSetting(PosterPlus) + Container.Content(movies) + !Skin.HasSetting(Poster_Fanart) + ![Container(54).OnNext | Container(54).OnPrevious]">Conditional</animation> -->
          <left>0</left>
          <top>0</top>
          <control type="image">
            <description>Poster</description>
            <left>5</left>
            <top>5</top>
            <width>130</width>
            <height>200</height>
            <texture background="true" diffuse="movie-poster/posterview_diffuse.png">$VAR[PosterThumb]</texture>
            <aspectratio align="center" scalediffuse="false">stretch</aspectratio>
            <colordiffuse>79FFFFFF</colordiffuse>
            <animation effect="fade" start="100" end="0" time="400" delay="2800" condition="Skin.HasSetting(Wall_fanart) + Container.Content(movies) + ![Container(54).OnNext | Container(54).OnPrevious]">Conditional</animation>
          </control>
          <control type="image">
            <left>88</left>
            <top>155</top>
            <width>53</width>
            <height>53</height>
            <texture>dialogs/movies/$INFO[ListItem.Overlay]</texture>
            <!-- <colordiffuse>79FFFFFF</colordiffuse> -->
            <visible>!Skin.HasSetting(DisableMovieOverlays) + Container.Content(movies) + !IsEmpty(ListItem.Overlay)</visible>
          </control>
        </control>
      </itemlayout>
      <focusedlayout width="120" height="200">
        <control type="group">
          <left>10</left>
          <top>80</top>
          <!-- Poster on Focus -->
          <control type="image">
            <description>Poster</description>
            <left>0</left>
            <top>-65</top>
            <width>118</width>
            <height>174</height>
            <texture background="true" diffuse="movie-poster/posterview_diffuse.png">$VAR[PosterThumb]</texture>
            <aspectratio align="center" scalediffuse="false">stretch</aspectratio>
            <animation type="Focus" reversible="false">
              <effect type="zoom" start="110" end="150" center="auto" time="400" tween="back" easing="out" />
            </animation>
            <animation effect="fade" start="100" end="0" time="400" delay="2800" condition="Skin.HasSetting(Wall_fanart) + Container.Content(movies) + ![Container(54).OnNext | Container(54).OnPrevious]">Conditional</animation>
          </control>
          <control type="image">
            <left>95</left>
            <top>105</top>
            <width>45</width>
            <height>45</height>
            <texture>dialogs/movies/$INFO[ListItem.Overlay]</texture>
            <animation type="Focus" reversible="false">
              <effect type="zoom" start="110" end="150" center="auto" time="400" tween="back" easing="out" />
            </animation>
            <animation effect="fade" start="100" end="0" time="400" delay="2800" condition="Skin.HasSetting(Wall_fanart) + Container.Content(movies) + ![Container(54).OnNext | Container(54).OnPrevious]">Conditional</animation>
            <visible>!Skin.HasSetting(DisableMovieOverlays) + Container.Content(movies) + !IsEmpty(ListItem.Overlay)</visible>
          </control>
        </control>
      </focusedlayout>
    </control>
    <control type="label">
      <left>1280</left>
      <top>674</top>
      <width>1280</width>
      <height>50</height>
      <align>right</align>
      <aligny>center</aligny>
      <font>font24_title</font>
      <textcolor>white</textcolor>
      <label>[B]$INFO[ListItem.Label][/B]</label>
      <visible>Control.IsVisible(54) + Window.IsVisible(VideoFiles)</visible>
    </control>
    <control type="group">
      <left>400</left>
      <top>0</top>
      <visible>!IsEmpty(ListItem.Title) + [Container.Content(movies) | Container.Content(tvshows)] + Control.IsVisible(54)</visible>
      <control type="label">
        <left>0</left>
        <top>0</top>
        <width>700</width>
        <height>50</height>
        <aligny>center</aligny>
        <font>font24_title</font>
        <textcolor>white</textcolor>
        <label>$INFO[ListItem.Label]</label>
        <include>Animation_Viewtype_Wall_Title</include>
      </control>
      <control type="label">
        <left>0</left>
        <top>108</top>
        <width>360</width>
        <height>50</height>
        <aligny>center</aligny>
        <font>Font_RSS_Big</font>
        <textcolor>ffffffff</textcolor>
        <label>$LOCALIZE[31005]</label>
        <visible>IsEmpty(ListItem.foldername) + !substring(Container.Listitem.Label,..,left) + !Container.Content(genres) + Window.IsActive(videolibrary)</visible>
      </control>
      <!--	<control type="label">
				<left>0</left>
				<top>108</top>
				<width>360</width>
				<height>50</height>
				<aligny>center</aligny>
				<font>Font_RSS_Big</font>
				<textcolor>ffffffff</textcolor>
				<label>$INFO[ListItem.Duration] $LOCALIZE[12391]</label>
				<include>Animation_Viewtype_Wall_UnderInfo</include>
				<visible>!IsEmpty(ListItem.Duration)</visible>
			</control>
			<control type="label">
				<left>0</left>
				<top>133</top>
				<width>360</width>
				<height>50</height>
				<aligny>center</aligny>
				<font>Font_RSS_Big</font>
				<textcolor>ffffffff</textcolor>
				<label>$INFO[ListItem.Year]</label>
				<include>Animation_Viewtype_Wall_UnderInfo</include>
			</control>
			<control type="group">
				<left>119</left>
				<top>179</top>
				<include>VideoMPAAFlaggingConditions</include>
				<include>Animation_Viewtype_Wall_UnderInfo</include>
				<animation effect="zoom" start="79" end="79" time="0" condition="true">Conditional</animation>
			</control>
			<control type="textbox">
				<left>0</left>
				<top>224</top>
				<width>360</width>
				<height>310</height>
				<align>justify</align>
				<info>ListItem.Plot</info>
				<font>Font_Bartowski_Movies_Plot</font>
				<textcolor>ffffffff</textcolor>
				<autoscroll time="2500" delay="5000" repeat="5000">Skin.HasSetting(autoscroll)</autoscroll>
				<include>Animation_Viewtype_Wall_Plot</include>
			</control>  -->
    </control>
    <control type="grouplist">
      <visible>Control.IsVisible(54) + Container.Content(movies) + !Skin.HasSetting(no_media_flags) + !Player.HasVideo</visible>
      <description>Media Codec Flagging Images</description>
      <right>730</right>
      <top>682</top>
      <width>520</width>
      <itemgap>0</itemgap>
      <orientation>horizontal</orientation>
        <include>VideoStudioConditions</include>
        <include>VideoCodecFlaggingConditions</include>
		<include>AudioChannelsFlaggingConditions</include>
		<include>AudioCodecFlaggingConditions</include>
		<include>AspectCodecFlaggingConditions</include>
		<include>VideoStereoscopicsFlaggingConditions</include>
	    <include>VideoMPAAFlaggingConditions</include>
    </control>
  </include>
</includes>
