<?xml version="1.0" encoding="UTF-8"?>
<!--Alaska-->
<includes>
  <include name="Viewtype_16x9">
    <!-- Poster Wrap View -->
    <control type="wraplist" id="59">
      <left>0</left>
      <top>0</top>
      <height>720</height>
      <width>1320</width>
      <onleft>59</onleft>
      <onright>59</onright>
      <onup>9000</onup>
      <ondown>2448</ondown>
      <pagecontrol>69</pagecontrol>
      <viewtype label="16x9">list</viewtype>
      <orientation>horizontal</orientation>
      <focusposition>1</focusposition>
      <scrolltime>200</scrolltime>
      <preloaditems>2</preloaditems>
      <include>Animation_HiddenByInfo</include>
      <include>Animation_Bartowski_Context_Zoom</include>
      <visible>!Skin.HasSetting(no_16x9) + [Container.Content(movies) | Container.Content(Sets) | Container.Content(tvshows) | Container.Content(episodes)]</visible>
	  
      <itemlayout width="340" height="500">
        <control type="group">
          <left>0</left>
          <top>192</top>
          <control type="image">
            <left>2</left>
            <top>122</top>
            <width>330</width>
            <height>186</height>
            <texture>postermatte.png</texture>
            <colordiffuse>white</colordiffuse>
            <aspectratio scalediffuse="false">stretch</aspectratio>
          </control>
          <control type="image">
            <left>2</left>
            <top>122</top>
            <width>330</width>
            <height>186</height>
            <texture background="true" diffuse="postermatte.png" fallback="special://skin/extras/backgrounds/movies.jpg">$INFO[ListItem.Property(Fanart_Image)]</texture>
            <fadetime>200</fadetime>
            <aspectratio scalediffuse="false">stretch</aspectratio>
            <visible>!Container.Content(episodes)</visible>
          </control>
          <control type="image">
            <left>2</left>
            <top>122</top>
            <width>330</width>
            <height>186</height>
            <texture background="true" diffuse="postermatte.png" fallback="special://skin/extras/backgrounds/movies.jpg">$INFO[ListItem.Icon]</texture>
            <fadetime>200</fadetime>
            <aspectratio scalediffuse="false">stretch</aspectratio>
            <visible>Container.Content(episodes)</visible>
          </control>
          <control type="image">
            <left>0</left>
            <top>90</top>
            <width>334</width>
            <height>220</height>
            <texture>16x9/epi_frame_unfocus.png</texture>
          </control>
          <control type="image">
            <visible>Skin.HasSetting(ClearTitle) + !Container.Content(episodes)</visible>
            <left>10</left>
            <top>92</top>
            <width>77</width>
            <height>30</height>
           <texture background="true">$INFO[Player.FolderPath]../clearart.png</texture>
            <fadetime>300</fadetime>
            <aspectratio scalediffuse="false">keep</aspectratio>
          </control>
          <control type="label">
            <!--Movie title-->
            <visible>!Skin.HasSetting(ClearTitle) | Container.Content(movies) | Container.Content(Sets) | Container.Content(episodes)</visible>
            <left>10</left>
            <top>96</top>
            <width>250</width>
            <height>50</height>
             <font>Font_Bartowski_Showcase_plot</font>
            <textcolor>$INFO[Skin.String(menuColor)]</textcolor>
            <label>$INFO[ListItem.Label]</label>
          </control>
        <control type="image">
            <left>0</left>
            <top>0</top>
            <width>230</width>
            <height>89</height>
            <texture background="true">$INFO[Player.FolderPath]../clearart.png</texture>
            <fadetime>100</fadetime>
            <aspectratio scalediffuse="false">stretch</aspectratio>
            <animation effect="fade" start="50" end="50" time="0" condition="true">conditional</animation>
            <visible>!IsEmpty(ListItem.Title)</visible>
          </control>
          <control type="image">
            <left>290</left>
            <top>270</top>
            <width>40</width>
            <height>40</height>
            <texture>dialogs/movies/$INFO[ListItem.Overlay]</texture>
            <visible>!Skin.HasSetting(DisableTvOverlays) + !IsEmpty(ListItem.Overlay) + [Container.Content(tvshows) | Container.Content(seasons) | Container.Content(episodes)]</visible>
          </control>
          <control type="image">
            <left>290</left>
            <top>270</top>
            <width>40</width>
            <height>40</height>
            <texture>dialogs/movies/$INFO[ListItem.Overlay]</texture>
            <visible>!Skin.HasSetting(DisableMovieOverlays) + !IsEmpty(ListItem.Overlay) + Container.Content(movies)</visible>
          </control>
        </control>
      </itemlayout>
      <focusedlayout width="610" height="600">
        <control type="group">
          <left>-2</left>
          <top>40</top>
          <control type="image">
            <left>-86</left>
            <top>-26</top>
            <width>780</width>
            <height>578</height>
            <texture>16x9/focus_glow1.png</texture>
            <animation type="Focus" reversible="false">
              <effect type="fade" start="0" end="80" time="1000" delay="800" />
            </animation>
          </control>
          <control type="image">
            <left>2</left>
            <top>122</top>
            <width>600</width>
            <height>338</height>
            <texture>postermatte.png</texture>
            <colordiffuse>white</colordiffuse>
            <aspectratio scalediffuse="false">stretch</aspectratio>
            <animation type="Focus" reversible="false">
              <effect type="zoom" center="191,440" start="90" end="100" time="400" tween="back" easing="out" />
            </animation>
          </control>
          <control type="image">
            <left>2</left>
            <top>122</top>
            <width>600</width>
            <height>338</height>
            <texture background="true" diffuse="postermatte.png" fallback="special://skin/extras/backgrounds/movies.jpg">$INFO[ListItem.Property(Fanart_Image)]</texture>
            <fadetime>200</fadetime>
            <aspectratio scalediffuse="false">stretch</aspectratio>
            <animation type="Focus" reversible="false">
              <effect type="zoom" center="191,440" start="90" end="100" time="400" tween="back" easing="out" />
            </animation>
            <visible>!Container.Content(episodes)</visible>
          </control>
          <control type="image">
            <left>2</left>
            <top>122</top>
            <width>600</width>
            <height>338</height>
            <texture background="true" diffuse="postermatte.png" fallback="special://skin/extras/backgrounds/movies.jpg">$INFO[ListItem.Icon]</texture>
            <fadetime>200</fadetime>
            <aspectratio scalediffuse="false">stretch</aspectratio>
            <animation type="Focus" reversible="false">
              <effect type="zoom" center="191,440" start="90" end="100" time="400" tween="back" easing="out" />
            </animation>
            <visible>Container.Content(episodes)</visible>
          </control>
          <control type="image">
            <left>0</left>
            <top>60</top>
            <width>608</width>
            <height>404</height>
            <texture>16x9/epi-frame1.png</texture>
            <animation type="Focus" reversible="false">
              <effect type="zoom" center="191,440" start="90" end="100" time="400" tween="back" easing="out" />
              <effect type="fade" start="80" end="100" time="400" />
            </animation>
          </control>
          <control type="image">
            <visible>Skin.HasSetting(ClearTitle) + !Container.Content(episodes)</visible>
            <left>10</left>
            <top>64</top>
            <width>146</width>
            <height>56</height>
            <texture background="true">$INFO[ListItem.Art(clearart)]</texture>
            <fadetime>300</fadetime>
            <aspectratio scalediffuse="false">keep</aspectratio>
            <animation type="Focus" reversible="false">
              <effect type="zoom" center="191,440" start="90" end="100" time="400" tween="back" easing="out" />
              <effect type="fade" start="80" end="100" time="400" />
            </animation>
          </control>
          <control type="label">
            <!--Movie title-->
            <visible>!Skin.HasSetting(ClearTitle) | Container.Content(movies) | Container.Content(episodes)</visible>
            <left>10</left>
            <top>75</top>
            <width>500</width>
            <height>50</height>
           <font>Font_Bartowski_Showcase_Title</font>
            <textcolor>$INFO[Skin.String(menuColor)]</textcolor>
            <label>$INFO[ListItem.Label]</label>
            <animation type="Focus" reversible="false">
              <effect type="zoom" center="191,440" start="90" end="100" time="400" tween="back" easing="out" />
              <effect type="fade" start="80" end="100" time="400" />
            </animation>
          </control>
          <control type="image">
            <left>505</left>
            <top>66</top>
           <width>89</width>
            <height>50</height>
            <texture background="true">$INFO[ListItem.Art(clearart)]</texture>
            <fadetime>300</fadetime>
            <aspectratio scalediffuse="false">keep</aspectratio>
            <animation type="Focus" reversible="false">
              <effect type="zoom" center="191,440" start="90" end="100" time="400" tween="back" easing="out" />
              <effect type="fade" start="80" end="100" time="400" />
            </animation>
          </control>
          <control type="image">
            <left>550</left>
            <top>415</top>
            <width>50</width>
            <height>50</height>
            <texture>dialogs/movies/$INFO[ListItem.Overlay]</texture>
            <animation type="Focus" reversible="false">
              <effect type="zoom" center="191,440" start="90" end="100" time="400" tween="back" easing="out" />
              <effect type="fade" start="80" end="100" time="400" />
            </animation>
            <visible>!Skin.HasSetting(DisableTvOverlays) + !IsEmpty(ListItem.Overlay) + [Container.Content(tvshows) | Container.Content(seasons) | Container.Content(episodes)]</visible>
          </control>
          <control type="image">
            <left>550</left>
            <top>405</top>
            <width>60</width>
            <height>60</height>
            <texture>dialogs/movies/$INFO[ListItem.Overlay]</texture>
            <animation type="Focus" reversible="false">
              <effect type="zoom" center="191,440" start="90" end="100" time="400" tween="back" easing="out" />
              <effect type="fade" start="80" end="100" time="400" />
            </animation>
            <visible>!Skin.HasSetting(DisableMovieOverlays) + !IsEmpty(ListItem.Overlay) + Container.Content(movies)</visible>
          </control>
        </control>
        <!--<control type="group">
				<visible>Control.IsVisible(59) + Container.Content(movies) + !IsEmpty(ListItem.Trailer)</visible>
					<control type="label">
						<visible>!Player.HasVideo</visible>
						<left>220</left>
						<top>60</top>
						<width>370</width>
						<height>50</height>
						<aligny>center</aligny>
						<font>Font_Neon_16</font>
						<textcolor>ffffffff</textcolor>
						<label>*$LOCALIZE[31237]*</label>
						<shadowcolor>black</shadowcolor>
						<animation type="Focus" reversible="false">
							<effect type="fade" start="0" end="100" time="400" delay="600" />
						</animation>
					</control>	
					<control type="label">
						<visible>Player.HasVideo</visible>
						<left>230</left>
						<top>60</top>
						<width>370</width>
						<height>50</height>
						<aligny>center</aligny>
						<font>Font_Neon_16</font>
						<textcolor>ffffffff</textcolor>
						<label>*$LOCALIZE[31238]*</label>
						<shadowcolor>black</shadowcolor>
						<animation type="Focus" reversible="false">
							<effect type="fade" start="0" end="100" time="400" delay="600" />
						</animation>
					</control>
				</control>-->
      </focusedlayout>
    </control>
    <control type="image" id="7016">
      <left>20</left>
      <top>30</top>
      <width>250</width>
      <height>96</height>
      <texture background="true">$INFO[ListItem.Art(clearlogo)]</texture>
      <fadetime>100</fadetime>
      <aspectratio scalediffuse="false">stretch</aspectratio>
      <include>Animation_HiddenByInfo</include>
      <include>Animation_Viewtype_Episode_LeftSide</include>
      <visible>Control.IsVisible(59) + Container.Content(episodes)</visible>
    </control>
    <control type="image" id="9016">
      <left>20</left>
      <top>30</top>
      <width>250</width>
      <height>96</height>
      <texture background="true">$INFO[ListItem.path]../logo.png</texture>
      <fadetime>100</fadetime>
      <aspectratio scalediffuse="false">stretch</aspectratio>
      <include>Animation_HiddenByInfo</include>
      <include>Animation_Viewtype_Episode_LeftSide</include>
      <visible>Control.IsVisible(59) + Container.Content(episodes)</visible>
    </control>
    <control type="group">
      <left>350</left>
      <top>260</top>
      <visible>Control.IsVisible(59) + Container.Content(movies) + !IsEmpty(ListItem.Title)</visible>
      <animation effect="slide" start="0,0" end="-1000,0" time="600" delay="2800" condition="Container.Content(movies) + ![Container(59).OnNext | Container(59).OnPrevious]">Conditional</animation>
      <include>Animation_HiddenByInfo</include>
      <include>Animation_Viewtype_Panel_BottomArea</include>
      <control type="label">
        <description>Director</description>
        <left>15</left>
        <top>252</top>
        <width>460</width>
        <height>50</height>
        <aligny>center</aligny>
        <font>Font_TVShow</font>
        <textcolor>ffffffff</textcolor>
        <label>[COLOR=blue]Director:[/COLOR] [COLOR=ffffffff]$INFO[ListItem.Director][/COLOR]</label>
      </control>
      <control type="label">
        <description>Writer</description>
        <left>15</left>
        <top>278</top>
        <width>460</width>
        <height>50</height>
        <aligny>center</aligny>
        <font>Font_TVShow</font>
        <textcolor>ffffffff</textcolor>
        <label>[COLOR=blue]$LOCALIZE[20417]:[/COLOR] [COLOR=ffffffff]$INFO[ListItem.Writer][/COLOR]</label>
      </control>
      <control type="label">
        <description>Genre</description>
        <left>15</left>
        <top>301</top>
        <width>460</width>
        <height>50</height>
        <aligny>center</aligny>
        <font>Font_TVShow</font>
        <textcolor>ffffffff</textcolor>
        <label>[COLOR=blue]$LOCALIZE[515]:[/COLOR] [COLOR=ffffffff]$INFO[ListItem.Genre][/COLOR]</label>
      </control>
      <control type="label">
        <description>Duration</description>
        <left>15</left>
        <top>325</top>
        <width>460</width>
        <height>50</height>
        <aligny>center</aligny>
        <font>Font_TVShow</font>
        <textcolor>ffffffff</textcolor>
        <label>[COLOR=blue]$LOCALIZE[180]:[/COLOR] [COLOR=ffffffff]$INFO[ListItem.Duration]  $LOCALIZE[12391][/COLOR]</label>
        <visible>!IsEmpty(ListItem.Duration)</visible>
      </control>
      <control type="label">
        <description>Rating</description>
        <left>15</left>
        <top>348</top>
        <width>460</width>
        <height>50</height>
        <aligny>center</aligny>
        <font>Font_TVShow</font>
        <textcolor>ffffffff</textcolor>
        <label>[COLOR=blue]$LOCALIZE[368]:[/COLOR] [COLOR=ffffffff]$INFO[ListItem.rating][/COLOR]</label>
      </control>
    <!--  <control type="label">
        <description>Rated</description>
        <left>15</left>
        <top>371</top>
        <width>460</width>
        <height>50</height>
        <aligny>center</aligny>
        <font>Font_TVShow</font>
        <textcolor>ffffffff</textcolor>
        <label>[COLOR=blue]$LOCALIZE[31226]:[/COLOR]</label>
      </control>
      <control type="group">
        <left>130</left>
        <top>547</top>
        <include>VideoMPAAFlaggingConditions</include>
        <animation effect="zoom" start="70" end="70" time="0" condition="true">Conditional</animation>
      </control>-->
    </control>
    <control type="group">
      <visible>Control.IsVisible(59) + !IsEmpty(ListItem.Title)</visible>
      <left>380</left>
      <top>90</top>
      <animation effect="slide" start="0,0" end="-1000,0" time="600" delay="2800" condition="Container.Content(episodes) + ![Container(59).OnNext | Container(59).OnPrevious]">Conditional</animation>
      <include>Animation_HiddenByInfo</include>
      <include>Animation_Viewtype_Panel_BottomArea</include>
      <control type="label">
        <description>Rated</description>
        <left>5</left>
        <top>455</top>
        <width>570</width>
        <height>50</height>
        <aligny>center</aligny>
        <font>Font_TVShow</font>
        <textcolor>$INFO[Skin.String(menuColor)]</textcolor>
        <label>[COLOR=blue]$LOCALIZE[31226]:[/COLOR] [COLOR=ffffffff]$INFO[ListItem.Mpaa][/COLOR]</label>
        <visible>Container.Content(tvshows) + ![StringCompare(Window(Home).Property(LatestEpisode.1.ShowTitle),ListItem.Label) | StringCompare(Window(Home).Property(LatestEpisode.2.ShowTitle),ListItem.Label) | StringCompare(Window(Home).Property(LatestEpisode.3.ShowTitle),ListItem.Label) | StringCompare(Window(Home).Property(LatestEpisode.4.ShowTitle),ListItem.Label) | StringCompare(Window(Home).Property(LatestEpisode.5.ShowTitle),ListItem.Label) | StringCompare(Window(Home).Property(LatestEpisode.6.ShowTitle),ListItem.Label) | StringCompare(Window(Home).Property(LatestEpisode.7.ShowTitle),ListItem.Label) | StringCompare(Window(Home).Property(LatestEpisode.8.ShowTitle),ListItem.Label) | StringCompare(Window(Home).Property(LatestEpisode.9.ShowTitle),ListItem.Label) | StringCompare(Window(Home).Property(LatestEpisode.10.ShowTitle),ListItem.Label)]</visible>
      </control>
      <control type="label">
        <description>Episodes</description>
        <left>5</left>
        <top>485</top>
        <width>570</width>
        <height>50</height>
        <aligny>center</aligny>
        <font>Font_TVShow</font>
        <textcolor>$INFO[Skin.String(menuColor)]</textcolor>
        <label>[COLOR=blue]$LOCALIZE[20360]:[/COLOR] [COLOR=ffffffff]$INFO[ListItem.Episode][/COLOR]</label>
        <visible>Container.Content(tvshows) + ![StringCompare(Window(Home).Property(LatestEpisode.1.ShowTitle),ListItem.Label) | StringCompare(Window(Home).Property(LatestEpisode.2.ShowTitle),ListItem.Label) | StringCompare(Window(Home).Property(LatestEpisode.3.ShowTitle),ListItem.Label) | StringCompare(Window(Home).Property(LatestEpisode.4.ShowTitle),ListItem.Label) | StringCompare(Window(Home).Property(LatestEpisode.5.ShowTitle),ListItem.Label) | StringCompare(Window(Home).Property(LatestEpisode.6.ShowTitle),ListItem.Label) | StringCompare(Window(Home).Property(LatestEpisode.7.ShowTitle),ListItem.Label) | StringCompare(Window(Home).Property(LatestEpisode.8.ShowTitle),ListItem.Label) | StringCompare(Window(Home).Property(LatestEpisode.9.ShowTitle),ListItem.Label) | StringCompare(Window(Home).Property(LatestEpisode.10.ShowTitle),ListItem.Label)]</visible>
      </control>
      <control type="label">
        <description>Genre</description>
        <left>5</left>
        <top>515</top>
        <width>570</width>
        <height>50</height>
        <aligny>center</aligny>
        <font>Font_TVShow</font>
        <label>[COLOR=blue]$LOCALIZE[515]:[/COLOR] [COLOR=ffffffff]$INFO[ListItem.Genre][/COLOR]</label>
        <visible>Container.Content(tvshows) + ![StringCompare(Window(Home).Property(LatestEpisode.1.ShowTitle),ListItem.Label) | StringCompare(Window(Home).Property(LatestEpisode.2.ShowTitle),ListItem.Label) | StringCompare(Window(Home).Property(LatestEpisode.3.ShowTitle),ListItem.Label) | StringCompare(Window(Home).Property(LatestEpisode.4.ShowTitle),ListItem.Label) | StringCompare(Window(Home).Property(LatestEpisode.5.ShowTitle),ListItem.Label) | StringCompare(Window(Home).Property(LatestEpisode.6.ShowTitle),ListItem.Label) | StringCompare(Window(Home).Property(LatestEpisode.7.ShowTitle),ListItem.Label) | StringCompare(Window(Home).Property(LatestEpisode.8.ShowTitle),ListItem.Label) | StringCompare(Window(Home).Property(LatestEpisode.9.ShowTitle),ListItem.Label) | StringCompare(Window(Home).Property(LatestEpisode.10.ShowTitle),ListItem.Label)]</visible>
      </control>
      <control type="label">
        <description>Season</description>
        <left>5</left>
        <top>455</top>
        <width>570</width>
        <height>50</height>
        <aligny>center</aligny>
        <font>Font_TVShow</font>
        <textcolor>$INFO[Skin.String(menuColor)]</textcolor>
        <label>[COLOR=blue]$LOCALIZE[20373]:[/COLOR] [COLOR=ffffffff]$INFO[ListItem.Season][/COLOR]</label>
        <visible>Container.Content(episodes)</visible>
      </control>
      <control type="label">
        <description>Episode</description>
        <left>5</left>
        <top>485</top>
        <width>570</width>
        <height>50</height>
        <aligny>center</aligny>
        <font>Font_TVShow</font>
        <textcolor>$INFO[Skin.String(menuColor)]</textcolor>
        <label>[COLOR=blue]$LOCALIZE[20359]:[/COLOR] [COLOR=ffffffff]$INFO[ListItem.Episode][/COLOR]</label>
        <visible>Container.Content(episodes)</visible>
      </control>
      <control type="label">
        <description>Rating</description>
        <left>5</left>
        <top>515</top>
        <width>570</width>
        <height>50</height>
        <aligny>center</aligny>
        <font>Font_TVShow</font>
        <textcolor>$INFO[Skin.String(menuColor)]</textcolor>
        <label>[COLOR=blue]$LOCALIZE[563]: [COLOR=ffffffff]$INFO[ListItem.Rating][/COLOR]</label>
        <visible>Container.Content(episodes)</visible>
      </control>
      <control type="label">
        <description>First Premiered in</description>
        <left>5</left>
        <top>555</top>
        <width min="10" max="1034">auto</width>
        <height>100</height>
        <font>Font_TVShow</font>
        <textcolor>$INFO[Skin.String(menuColor)]</textcolor>
        <label>$LOCALIZE[31229]: [COLOR=white]$INFO[ListItem.Year][/COLOR]</label>
        <visible>Container.Content(tvshows) + ![StringCompare(Window(Home).Property(LatestEpisode.1.ShowTitle),ListItem.Label) | StringCompare(Window(Home).Property(LatestEpisode.2.ShowTitle),ListItem.Label) | StringCompare(Window(Home).Property(LatestEpisode.3.ShowTitle),ListItem.Label) | StringCompare(Window(Home).Property(LatestEpisode.4.ShowTitle),ListItem.Label) | StringCompare(Window(Home).Property(LatestEpisode.5.ShowTitle),ListItem.Label) | StringCompare(Window(Home).Property(LatestEpisode.6.ShowTitle),ListItem.Label) | StringCompare(Window(Home).Property(LatestEpisode.7.ShowTitle),ListItem.Label) | StringCompare(Window(Home).Property(LatestEpisode.8.ShowTitle),ListItem.Label) | StringCompare(Window(Home).Property(LatestEpisode.9.ShowTitle),ListItem.Label) | StringCompare(Window(Home).Property(LatestEpisode.10.ShowTitle),ListItem.Label)]</visible>
      </control>
    </control>
    <control type="grouplist">
      <visible>Control.IsVisible(59) + !IsEmpty(ListItem.Title)</visible>
      <animation effect="slide" start="0,0" end="-1000,0" time="600" delay="2800" condition="Container.Content(episodes) + ![Container(59).OnNext | Container(59).OnPrevious]">Conditional</animation>
      <include>Animation_Viewtype_Panel_BottomArea</include>
      <include>Animation_HiddenByInfo</include>
      <left>385</left>
      <top>646</top>
      <include>16x9_Next_Aired</include>
      <orientation>horizontal</orientation>
      <control type="label">
        <description>This Show Aired</description>
        <left>0</left>
        <top>0</top>
        <width min="10" max="1034">auto</width>
        <height>100</height>
        <font>Font_TVShow</font>
        <textcolor>$INFO[Skin.String(menuColor)]</textcolor>
        <label>$LOCALIZE[31230]: [COLOR=white]$INFO[ListItem.Date][/COLOR]</label>
        <visible>Container.Content(episodes)</visible>
      </control>
    </control>
    <control type="textbox">
      <!-- Plot and TV -->
      <left>0</left>
      <top>2</top>
      <width>600</width>
      <height>146</height>
      <align>justify</align>
      <info>ListItem.Plot</info>
       <font>Font_TVShow</font>
      <textcolor>ffffffff</textcolor>
      <autoscroll time="3000" delay="5000" repeat="5000">Skin.HasSetting(autoscroll)</autoscroll>
      <animation effect="slide" start="340,900" end="340,520" time="600" delay="2800" condition="[Container.Content(episodes) | Container.Content(movies)] + ![Container(59).OnNext | Container(59).OnPrevious]">Conditional</animation>
      <include>Animation_Viewtype_Panel_BottomArea</include>
      <visible>Control.IsVisible(59) + [Container.Content(episodes) | Container.Content(movies)]</visible>
    </control>
    <control type="label">
      <left>560</left>
      <top>530</top>
      <width>300</width>
      <height>100</height>
      <font>Font_TVShow</font>
      <textcolor>$INFO[Skin.String(menuColor)]</textcolor>
      <label>$LOCALIZE[31275]</label>
      <include>Animation_CommonFade</include>
      <visible>Control.IsVisible(59) + Container.Content(tvshows) + !Skin.HasSetting(no_new_recent_info) + [StringCompare(Window(Home).Property(LatestEpisode.1.ShowTitle),ListItem.Label) | StringCompare(Window(Home).Property(LatestEpisode.2.ShowTitle),ListItem.Label) | StringCompare(Window(Home).Property(LatestEpisode.3.ShowTitle),ListItem.Label) | StringCompare(Window(Home).Property(LatestEpisode.4.ShowTitle),ListItem.Label) | StringCompare(Window(Home).Property(LatestEpisode.5.ShowTitle),ListItem.Label) | StringCompare(Window(Home).Property(LatestEpisode.6.ShowTitle),ListItem.Label) | StringCompare(Window(Home).Property(LatestEpisode.7.ShowTitle),ListItem.Label) | StringCompare(Window(Home).Property(LatestEpisode.8.ShowTitle),ListItem.Label) | StringCompare(Window(Home).Property(LatestEpisode.9.ShowTitle),ListItem.Label) | StringCompare(Window(Home).Property(LatestEpisode.10.ShowTitle),ListItem.Label)]</visible>
    </control>
    <control type="grouplist" id="2448">
      <left>830</left>
      <top>550</top>
      <onup>52</onup>
      <ondown>69</ondown>
      <orientation>horizontal</orientation>
      <include>Animation_CommonFade</include>
      <visible>Control.IsVisible(59) + Container.Content(tvshows) + !Skin.HasSetting(no_new_recent_info)</visible>
      <control type="button" id="26374">
        <width>2</width>
        <height>2</height>
        <onleft>26376</onleft>
        <onright>26375</onright>
        <onclick>PlayMedia($ESCINFO[Window(Home).Property(LatestEpisode.1.Path)])</onclick>
        <visible>StringCompare(Window(Home).Property(LatestEpisode.1.ShowTitle),ListItem.Label)</visible>
      </control>
      <control type="button" id="26375">
        <width>2</width>
        <height>2</height>
        <onleft>26374</onleft>
        <onright>26376</onright>
        <onclick>PlayMedia($ESCINFO[Window(Home).Property(LatestEpisode.2.Path)])</onclick>
        <visible>StringCompare(Window(Home).Property(LatestEpisode.2.ShowTitle),ListItem.Label)</visible>
      </control>
      <control type="button" id="26376">
        <width>2</width>
        <height>2</height>
        <onleft>26376</onleft>
        <onright>26375</onright>
        <onclick>PlayMedia($ESCINFO[Window(Home).Property(LatestEpisode.3.Path)])</onclick>
        <visible>StringCompare(Window(Home).Property(LatestEpisode.3.ShowTitle),ListItem.Label)</visible>
      </control>
      <control type="button" id="26377">
        <width>2</width>
        <height>2</height>
        <onleft>26374</onleft>
        <onright>26376</onright>
        <onclick>PlayMedia($ESCINFO[Window(Home).Property(LatestEpisode.4.Path)])</onclick>
        <visible>StringCompare(Window(Home).Property(LatestEpisode.4.ShowTitle),ListItem.Label)</visible>
      </control>
      <control type="button" id="26378">
        <width>2</width>
        <height>2</height>
        <onleft>26376</onleft>
        <onright>26375</onright>
        <onclick>PlayMedia($ESCINFO[Window(Home).Property(LatestEpisode.5.Path)])</onclick>
        <visible>StringCompare(Window(Home).Property(LatestEpisode.5.ShowTitle),ListItem.Label)</visible>
      </control>
      <control type="button" id="26379">
        <width>2</width>
        <height>2</height>
        <onleft>26374</onleft>
        <onright>26376</onright>
        <onclick>PlayMedia($ESCINFO[Window(Home).Property(LatestEpisode.6.Path)])</onclick>
        <visible>StringCompare(Window(Home).Property(LatestEpisode.6.ShowTitle),ListItem.Label)</visible>
      </control>
      <control type="button" id="26380">
        <width>2</width>
        <height>2</height>
        <onleft>26376</onleft>
        <onright>26375</onright>
        <onclick>PlayMedia($ESCINFO[Window(Home).Property(LatestEpisode.7.Path)])</onclick>
        <visible>StringCompare(Window(Home).Property(LatestEpisode.7.ShowTitle),ListItem.Label)</visible>
      </control>
      <control type="button" id="26381">
        <width>2</width>
        <height>2</height>
        <onleft>26374</onleft>
        <onright>26376</onright>
        <onclick>PlayMedia($ESCINFO[Window(Home).Property(LatestEpisode.8.Path)])</onclick>
        <visible>StringCompare(Window(Home).Property(LatestEpisode.8.ShowTitle),ListItem.Label)</visible>
      </control>
      <control type="button" id="26382">
        <width>2</width>
        <height>2</height>
        <onleft>26376</onleft>
        <onright>26375</onright>
        <onclick>PlayMedia($ESCINFO[Window(Home).Property(LatestEpisode.9.Path)])</onclick>
        <visible>StringCompare(Window(Home).Property(LatestEpisode.9.ShowTitle),ListItem.Label)</visible>
      </control>
      <control type="button" id="26383">
        <width>2</width>
        <height>2</height>
        <onleft>26374</onleft>
        <onright>26376</onright>
        <onclick>PlayMedia($ESCINFO[Window(Home).Property(LatestEpisode.10.Path)])</onclick>
        <visible>StringCompare(Window(Home).Property(LatestEpisode.10.ShowTitle),ListItem.Label)</visible>
      </control>
    </control>
    <control type="grouplist">
      <left>0</left>
      <top>564</top>
      <width>1280</width>
      <align>center</align>
      <orientation>horizontal</orientation>
      <include>Animation_CommonFade</include>
      <visible>Control.IsVisible(59) + Container.Content(tvshows) + !Skin.HasSetting(no_new_recent_info)</visible>
      <control type="image">
        <width>180</width>
        <height>100</height>
        <texture background="true" diffuse="tv-landscape/landscapematteFO.png">$INFO[Window(Home).Property(LatestEpisode.1.Thumb)]</texture>
        <animation effect="zoom" start="100" end="110" center="auto" time="400" condition="Control.HasFocus(26374)">Conditional</animation>
        <animation effect="fade" start="100" end="70" time="0" condition="!Control.HasFocus(26374)">Conditional</animation>
        <visible>StringCompare(Window(Home).Property(LatestEpisode.1.ShowTitle),ListItem.Label)</visible>
      </control>
      <control type="image">
        <width>180</width>
        <height>100</height>
        <texture background="true" diffuse="tv-landscape/landscapematteFO.png">$INFO[Window(Home).Property(LatestEpisode.2.Thumb)]</texture>
        <animation effect="zoom" start="100" end="110" center="auto" time="400" condition="Control.HasFocus(26375)">Conditional</animation>
        <animation effect="fade" start="100" end="70" time="0" condition="!Control.HasFocus(26375)">Conditional</animation>
        <visible>StringCompare(Window(Home).Property(LatestEpisode.2.ShowTitle),ListItem.Label)</visible>
      </control>
      <control type="image">
        <width>180</width>
        <height>100</height>
        <texture background="true" diffuse="tv-landscape/landscapematteFO.png">$INFO[Window(Home).Property(LatestEpisode.3.Thumb)]</texture>
        <animation effect="zoom" start="100" end="110" center="auto" time="400" condition="Control.HasFocus(26376)">Conditional</animation>
        <animation effect="fade" start="100" end="70" time="0" condition="!Control.HasFocus(26376)">Conditional</animation>
        <visible>StringCompare(Window(Home).Property(LatestEpisode.3.ShowTitle),ListItem.Label)</visible>
      </control>
      <control type="image">
        <width>180</width>
        <height>100</height>
        <texture background="true" diffuse="tv-landscape/landscapematteFO.png">$INFO[Window(Home).Property(LatestEpisode.4.Thumb)]</texture>
        <animation effect="zoom" start="100" end="110" center="auto" time="400" condition="Control.HasFocus(26377)">Conditional</animation>
        <animation effect="fade" start="100" end="70" time="0" condition="!Control.HasFocus(26377)">Conditional</animation>
        <visible>StringCompare(Window(Home).Property(LatestEpisode.4.ShowTitle),ListItem.Label)</visible>
      </control>
      <control type="image">
        <width>180</width>
        <height>100</height>
        <texture background="true" diffuse="tv-landscape/landscapematteFO.png">$INFO[Window(Home).Property(LatestEpisode.5.Thumb)]</texture>
        <animation effect="zoom" start="100" end="110" center="auto" time="400" condition="Control.HasFocus(26378)">Conditional</animation>
        <animation effect="fade" start="100" end="70" time="0" condition="!Control.HasFocus(26378)">Conditional</animation>
        <visible>StringCompare(Window(Home).Property(LatestEpisode.5.ShowTitle),ListItem.Label)</visible>
      </control>
      <control type="image">
        <width>180</width>
        <height>100</height>
        <texture background="true" diffuse="tv-landscape/landscapematteFO.png">$INFO[Window(Home).Property(LatestEpisode.6.Thumb)]</texture>
        <animation effect="zoom" start="100" end="110" center="auto" time="400" condition="Control.HasFocus(26379)">Conditional</animation>
        <animation effect="fade" start="100" end="70" time="0" condition="!Control.HasFocus(26375)">Conditional</animation>
        <visible>StringCompare(Window(Home).Property(LatestEpisode.6.ShowTitle),ListItem.Label)</visible>
      </control>
      <control type="image">
        <width>180</width>
        <height>100</height>
        <texture background="true" diffuse="tv-landscape/landscapematteFO.png">$INFO[Window(Home).Property(LatestEpisode.7.Thumb)]</texture>
        <animation effect="zoom" start="100" end="110" center="auto" time="400" condition="Control.HasFocus(26380)">Conditional</animation>
        <animation effect="fade" start="100" end="70" time="0" condition="!Control.HasFocus(26380)">Conditional</animation>
        <visible>StringCompare(Window(Home).Property(LatestEpisode.7.ShowTitle),ListItem.Label)</visible>
      </control>
      <control type="image">
        <width>180</width>
        <height>100</height>
        <texture background="true" diffuse="tv-landscape/landscapematteFO.png">$INFO[Window(Home).Property(LatestEpisode.8.Thumb)]</texture>
        <animation effect="zoom" start="100" end="110" center="auto" time="400" condition="Control.HasFocus(26381)">Conditional</animation>
        <animation effect="fade" start="100" end="70" time="0" condition="!Control.HasFocus(26381)">Conditional</animation>
        <visible>StringCompare(Window(Home).Property(LatestEpisode.8.ShowTitle),ListItem.Label)</visible>
      </control>
      <control type="image">
        <width>180</width>
        <height>100</height>
        <texture background="true" diffuse="tv-landscape/landscapematteFO.png">$INFO[Window(Home).Property(LatestEpisode.9.Thumb)]</texture>
        <animation effect="zoom" start="100" end="110" center="auto" time="400" condition="Control.HasFocus(26382)">Conditional</animation>
        <animation effect="fade" start="100" end="70" time="0" condition="!Control.HasFocus(26382)">Conditional</animation>
        <visible>StringCompare(Window(Home).Property(LatestEpisode.9.ShowTitle),ListItem.Label)</visible>
      </control>
      <control type="image">
        <width>180</width>
        <height>100</height>
        <texture background="true" diffuse="tv-landscape/landscapematteFO.png">$INFO[Window(Home).Property(LatestEpisode.10.Thumb)]</texture>
        <animation effect="zoom" start="100" end="110" center="auto" time="400" condition="Control.HasFocus(26383)">Conditional</animation>
        <animation effect="fade" start="100" end="70" time="0" condition="!Control.HasFocus(26383)">Conditional</animation>
        <visible>StringCompare(Window(Home).Property(LatestEpisode.10.ShowTitle),ListItem.Label)</visible>
      </control>
    </control>
    <control type="grouplist">
      <left>0</left>
      <top>564</top>
      <width>1280</width>
      <align>center</align>
      <orientation>horizontal</orientation>
      <include>Animation_CommonFade</include>
      <visible>Control.IsVisible(59) + Container.Content(tvshows) + !Skin.HasSetting(no_new_recent_info)</visible>
      <control type="image">
        <width>180</width>
        <height>100</height>
        <texture>tv-landscape/new_recent_back.png</texture>
        <animation effect="zoom" start="100" end="110" center="auto" time="400" condition="Control.HasFocus(26374)">Conditional</animation>
        <visible>StringCompare(Window(Home).Property(LatestEpisode.1.ShowTitle),ListItem.Label)</visible>
      </control>
      <control type="image">
        <width>180</width>
        <height>100</height>
        <texture>tv-landscape/new_recent_back.png</texture>
        <animation effect="zoom" start="100" end="110" center="auto" time="400" condition="Control.HasFocus(26375)">Conditional</animation>
        <visible>StringCompare(Window(Home).Property(LatestEpisode.2.ShowTitle),ListItem.Label)</visible>
      </control>
      <control type="image">
        <width>180</width>
        <height>100</height>
        <texture>tv-landscape/new_recent_back.png</texture>
        <animation effect="zoom" start="100" end="110" center="auto" time="400" condition="Control.HasFocus(26376)">Conditional</animation>
        <visible>StringCompare(Window(Home).Property(LatestEpisode.3.ShowTitle),ListItem.Label)</visible>
      </control>
      <control type="image">
        <width>180</width>
        <height>100</height>
        <texture>tv-landscape/new_recent_back.png</texture>
        <animation effect="zoom" start="100" end="110" center="auto" time="400" condition="Control.HasFocus(26377)">Conditional</animation>
        <visible>StringCompare(Window(Home).Property(LatestEpisode.4.ShowTitle),ListItem.Label)</visible>
      </control>
      <control type="image">
        <width>180</width>
        <height>100</height>
        <texture>tv-landscape/new_recent_back.png</texture>
        <animation effect="zoom" start="100" end="110" center="auto" time="400" condition="Control.HasFocus(26378)">Conditional</animation>
        <visible>StringCompare(Window(Home).Property(LatestEpisode.5.ShowTitle),ListItem.Label)</visible>
      </control>
      <control type="image">
        <width>180</width>
        <height>100</height>
        <texture>tv-landscape/new_recent_back.png</texture>
        <animation effect="zoom" start="100" end="110" center="auto" time="400" condition="Control.HasFocus(26379)">Conditional</animation>
        <visible>StringCompare(Window(Home).Property(LatestEpisode.6.ShowTitle),ListItem.Label)</visible>
      </control>
      <control type="image">
        <width>180</width>
        <height>100</height>
        <texture>tv-landscape/new_recent_back.png</texture>
        <animation effect="zoom" start="100" end="110" center="auto" time="400" condition="Control.HasFocus(26380)">Conditional</animation>
        <visible>StringCompare(Window(Home).Property(LatestEpisode.7.ShowTitle),ListItem.Label)</visible>
      </control>
      <control type="image">
        <width>180</width>
        <height>100</height>
        <texture>tv-landscape/new_recent_back.png</texture>
        <animation effect="zoom" start="100" end="110" center="auto" time="400" condition="Control.HasFocus(26381)">Conditional</animation>
        <visible>StringCompare(Window(Home).Property(LatestEpisode.8.ShowTitle),ListItem.Label)</visible>
      </control>
      <control type="image">
        <width>180</width>
        <height>100</height>
        <texture>tv-landscape/new_recent_back.png</texture>
        <animation effect="zoom" start="100" end="110" center="auto" time="400" condition="Control.HasFocus(26382)">Conditional</animation>
        <visible>StringCompare(Window(Home).Property(LatestEpisode.9.ShowTitle),ListItem.Label)</visible>
      </control>
      <control type="image">
        <width>180</width>
        <height>100</height>
        <texture>tv-landscape/new_recent_back.png</texture>
        <animation effect="zoom" start="100" end="110" center="auto" time="400" condition="Control.HasFocus(26383)">Conditional</animation>
        <visible>StringCompare(Window(Home).Property(LatestEpisode.10.ShowTitle),ListItem.Label)</visible>
      </control>
    </control>
    <control type="grouplist">
      <left>0</left>
      <top>640</top>
      <width>1280</width>
      <align>center</align>
      <orientation>horizontal</orientation>
      <include>Animation_CommonFade</include>
      <visible>Control.IsVisible(59) + Container.Content(tvshows) + !Skin.HasSetting(no_new_recent_info)</visible>
      <control type="label">
        <width>180</width>
        <height>100</height>
        <align>center</align>
        <font>Font_TVShow</font>
        <textcolor>white</textcolor>
        <label>$INFO[Window(Home).Property(LatestEpisode.1.EpisodeTitle)]</label>
        <visible>StringCompare(Window(Home).Property(LatestEpisode.1.ShowTitle),ListItem.Label)</visible>
      </control>
      <control type="label">
        <width>180</width>
        <height>100</height>
        <align>center</align>
        <font>Font_Neon_18</font>
        <textcolor>white</textcolor>
        <label>$INFO[Window(Home).Property(LatestEpisode.2.EpisodeTitle)]</label>
        <visible>StringCompare(Window(Home).Property(LatestEpisode.2.ShowTitle),ListItem.Label)</visible>
      </control>
      <control type="label">
        <width>180</width>
        <height>100</height>
        <align>center</align>
        <font>Font_Neon_18</font>
        <textcolor>white</textcolor>
        <label>$INFO[Window(Home).Property(LatestEpisode.3.EpisodeTitle)]</label>
        <visible>StringCompare(Window(Home).Property(LatestEpisode.3.ShowTitle),ListItem.Label)</visible>
      </control>
      <control type="label">
        <width>180</width>
        <height>100</height>
        <align>center</align>
        <font>Font_Neon_18</font>
        <textcolor>white</textcolor>
        <label>$INFO[Window(Home).Property(LatestEpisode.4.EpisodeTitle)]</label>
        <visible>StringCompare(Window(Home).Property(LatestEpisode.4.ShowTitle),ListItem.Label)</visible>
      </control>
      <control type="label">
        <width>180</width>
        <height>100</height>
        <align>center</align>
        <font>Font_Neon_18</font>
        <textcolor>white</textcolor>
        <label>$INFO[Window(Home).Property(LatestEpisode.5.EpisodeTitle)]</label>
        <visible>StringCompare(Window(Home).Property(LatestEpisode.5.ShowTitle),ListItem.Label)</visible>
      </control>
      <control type="label">
        <width>180</width>
        <height>100</height>
        <align>center</align>
        <font>Font_Neon_18</font>
        <textcolor>white</textcolor>
        <label>$INFO[Window(Home).Property(LatestEpisode.6.EpisodeTitle)]</label>
        <visible>StringCompare(Window(Home).Property(LatestEpisode.6.ShowTitle),ListItem.Label)</visible>
      </control>
      <control type="label">
        <width>180</width>
        <height>100</height>
        <align>center</align>
        <font>Font_Neon_18</font>
        <textcolor>white</textcolor>
        <label>$INFO[Window(Home).Property(LatestEpisode.7.EpisodeTitle)]</label>
        <visible>StringCompare(Window(Home).Property(LatestEpisode.7.ShowTitle),ListItem.Label)</visible>
      </control>
      <control type="label">
        <width>180</width>
        <height>100</height>
        <align>center</align>
        <font>Font_Neon_18</font>
        <textcolor>white</textcolor>
        <label>$INFO[Window(Home).Property(LatestEpisode.8.EpisodeTitle)]</label>
        <visible>StringCompare(Window(Home).Property(LatestEpisode.8.ShowTitle),ListItem.Label)</visible>
      </control>
      <control type="label">
        <width>180</width>
        <height>100</height>
        <align>center</align>
        <font>Font_Neon_18</font>
        <textcolor>white</textcolor>
        <label>$INFO[Window(Home).Property(LatestEpisode.9.EpisodeTitle)]</label>
        <visible>StringCompare(Window(Home).Property(LatestEpisode.9.ShowTitle),ListItem.Label)</visible>
      </control>
      <control type="label">
        <width>180</width>
        <height>100</height>
        <align>center</align>
        <font>Font_Neon_18</font>
        <textcolor>white</textcolor>
        <label>$INFO[Window(Home).Property(LatestEpisode.10.EpisodeTitle)]</label>
        <visible>StringCompare(Window(Home).Property(LatestEpisode.10.ShowTitle),ListItem.Label)</visible>
      </control>
    </control>
    <control type="grouplist">
	
      <visible>Control.IsVisible(59) + [Container.Content(movies) | Container.Content(episodes)] + !Skin.HasSetting(no_media_flags) + !Player.HasAudio</visible>
      <animation effect="slide" start="0,0" end="-1000,0" time="600" delay="2800" condition="Container.Content(movies) + ![Container(59).OnNext | Container(59).OnPrevious]">Conditional</animation>
      
<description>Media Codec Flagging Images</description>
      <left>-300</left>
      <top>680</top>
      <width>1280</width>
      <align>center</align>
      <itemgap>0</itemgap>
      <orientation>horizontal</orientation>
       <include>VideoStudioConditions</include>
        <include>VideoCodecFlaggingConditions</include>
		<include>AudioChannelsFlaggingConditions</include>
		<include>AudioCodecFlaggingConditions</include>
		<include>AspectCodecFlaggingConditions</include>
		<include>VideoStereoscopicsFlaggingConditions</include>
	    <include>VideoMPAAFlaggingConditions</include>
        <include>Animation_HiddenByInfo</include>
       <include>Animation_ZoomInZoomOut</include>
      <include>Animation_Viewtype_Wall_Fags</include>

    </control>
	
    <control type="scrollbar" id="69">
      <include>Animation_ZoomInZoomOut</include>
      <left>100</left>
      <top>900</top>
      <width>1080</width>
      <height>25</height>
      <visible allowhiddenfocus="true">Control.IsVisible(59) + Control.HasFocus(69)</visible>
      <texturesliderbackground>osd/osd_progress_back1.png</texturesliderbackground>
      <textureslidernibfocus>ScrollBarV_Nib_Focus.png</textureslidernibfocus>
      <onup>59</onup>
      <ondown>9000</ondown>
      <showonepage>false</showonepage>
      <orientation>horizontal</orientation>
      <include>Animation_CommonFade</include>
      <animation effect="slide" start="0,0" end="0,-220" time="400" tween="cubic" easing="inout" condition="Control.HasFocus(69)">Conditional</animation>
    </control>
  </include>
</includes>