<?xml version='1.0' encoding='UTF-8'?>
<includes>
	<include name="Lowlist">
		<control type="group">
			<visible>Control.IsVisible(724)</visible>
			<include>VisibleFadeEffect</include>
			<control type="group">
				<control type="image">
					<left>-20</left>
					<top>275</top>
					<width>1380</width>
					<height>150</height>
					<colordiffuse>fanartdiffuse</colordiffuse>
					<texture>HomeNowPlayingBack.png</texture>
					<include>VisibleFadeEffect</include>
				</control>
				<control type="image">
					<left>-20</left>
					<top>420</top>
					<width>1380</width>
					<height>330</height>
					<texture colordiffuse="$INFO[Skin.String(menuColor)]" border="20">ContentPanel.png</texture>
					<include>VisibleFadeEffect</include>
				</control>
				<control id="724" type="list">
					<left>325</left>
					<top>444</top>
					<width>600</width>
					<height>230</height>
					<onleft>2</onleft>
					<onright>60</onright>
					<onup>724</onup>
					<ondown>724</ondown>
					<viewtype label="Lowlist">list</viewtype>
					<pagecontrol>60</pagecontrol>
					<scrolltime>200</scrolltime>
					<visible>Container.Content(Seasons) | Container.Content(Movies) | Container.Content(TVShows) | Container.Content(MusicVideos) | Container.Content(Episodes)</visible>
					<itemlayout height="40" width="480">
						<control type="image">
							<left>0</left>
							<top>0</top>
							<width>480</width>
							<height>41</height>
							<texture border="0,2,0,2">MenuItemNF.png</texture>
						</control>
						<control type="label">
							<left>10</left>
							<top>0</top>
							<width>520</width>
							<height>40</height>
							<font>font13</font>
							<textcolor>grey2</textcolor>
							<selectedcolor>selected</selectedcolor>
							<align>left</align>
							<aligny>center</aligny>
							<label>$INFO[ListItem.Label]</label>
						</control>
						<control type="label">
							<left>35</left>
							<top>0</top>
							<width>400</width>
							<height>40</height>
							<font>font12</font>
							<textcolor>grey2</textcolor>
							<selectedcolor>selected</selectedcolor>
							<align>right</align>
							<aligny>center</aligny>
							<label>$INFO[ListItem.Label2]</label>
						</control>
						<control type="image">
							<left>442</left>
							<top>8</top>
							<include condition="!Skin.HasSetting(NoFlaggingBorder)">FlaggingDimensionBorderSmall</include>
							<include condition="Skin.HasSetting(NoFlaggingBorder)">FlaggingDimensionWithoutBorderSmall</include>
							<texture>$VAR[MediaInfoOverlayVar]</texture>
							<visible>Container.Content(Movies) | Container.Content(Sets) | Container.Content(Episodes) | Container.Content(MusicVideos)</visible>
						</control>
						<control type="image">
							<left>484</left>
							<top>14</top>
							<width>20</width>
							<height>16</height>
							<texture>$INFO[ListItem.Overlay]</texture>
							<visible>!ListItem.IsResumable</visible>
						</control>
						<control type="image">
							<left>484</left>
							<top>14</top>
							<width>16</width>
							<height>16</height>
							<texture>OverlayWatching.png</texture>
							<visible>ListItem.IsResumable</visible>
						</control>
					</itemlayout>
					<focusedlayout height="40" width="480">
						<control type="image">
							<left>0</left>
							<top>0</top>
							<width>480</width>
							<height>41</height>
							<texture border="0,2,0,2">MenuItemNF.png</texture>
							<visible>!Control.HasFocus(724)</visible>
							<include>VisibleFadeEffect</include>
						</control>
						<control type="image">
							<left>0</left>
							<top>0</top>
							<width>520</width>
							<height>41</height>
							<texture colordiffuse="$INFO[Skin.String(menuColor)]" border="0,2,0,2">MenuItemFO.png</texture>
							<visible>Control.HasFocus(724)</visible>
							<include>VisibleFadeEffect</include>
						</control>
						<control type="image">
							<left>410</left>
							<top>5</top>
							<width>100</width>
							<height>31</height>
							<texture border="0,0,14,0">MediaItemDetailBG.png</texture>
							<visible>Control.HasFocus(724)</visible>
						</control>
						<control type="label">
							<left>10</left>
							<top>0</top>
							<width>520</width>
							<height>40</height>
							<font>font13</font>
							<textcolor>white</textcolor>
							<selectedcolor>selected</selectedcolor>
							<align>left</align>
							<aligny>center</aligny>
							<label>$INFO[ListItem.Label]</label>
						</control>
						<control type="label">
							<left>-65</left>
							<top>0</top>
							<width>500</width>
							<height>40</height>
							<font>font12</font>
							<textcolor>grey2</textcolor>
							<selectedcolor>selected</selectedcolor>
							<align>right</align>
							<aligny>center</aligny>
							<label>$INFO[ListItem.Label2]</label>
						</control>
						<control type="image">
							<left>442</left>
							<top>8</top>
							<include condition="!Skin.HasSetting(NoFlaggingBorder)">FlaggingDimensionBorderSmall</include>
							<include condition="Skin.HasSetting(NoFlaggingBorder)">FlaggingDimensionWithoutBorderSmall</include>
							<texture>$VAR[MediaInfoOverlayVar]</texture>
							<visible>Container.Content(Movies) | Container.Content(Sets) | Container.Content(Episodes) | Container.Content(MusicVideos)</visible>
						</control>
						<control type="image">
							<left>484</left>
							<top>14</top>
							<width>20</width>
							<height>16</height>
							<texture>$INFO[ListItem.Overlay]</texture>
							<visible>!ListItem.IsResumable</visible>
						</control>
						<control type="image">
							<left>484</left>
							<top>14</top>
							<width>16</width>
							<height>16</height>
							<texture>OverlayWatching.png</texture>
							<visible>ListItem.IsResumable</visible>
						</control>
					</focusedlayout>
				</control>
				<control id="60" type="scrollbar">
					<left>840</left>
					<top>435</top>
					<width>16</width>
					<height>260</height>
					<texturesliderbackground border="0,14,0,14">ScrollBarV.png</texturesliderbackground>
					<texturesliderbar border="0,14,0,14">ScrollBarV_bar.png</texturesliderbar>
					<texturesliderbarfocus colordiffuse="$INFO[Skin.String(menuColor)]"  border="0,14,0,14">ScrollBarV_bar_focus.png</texturesliderbarfocus>
					<textureslidernib>ScrollBarNib.png</textureslidernib>
					<textureslidernibfocus>ScrollBarNib.png</textureslidernibfocus>
					<onleft>724</onleft>
					<onright>2</onright>
					<showonepage>false</showonepage>
					<orientation>vertical</orientation>
					<visible>Control.IsVisible(724)</visible>
				</control>
				<control type="group">
					<left>40</left>
					<top>170</top>
					<visible>Container.Content(Seasons) | Container.Content(TVShows)</visible>
					<control type="image">
							<left>21</left>
							<top>168</top>
							<width>245</width>
							<height>343</height>
							<aspectratio aligny="bottom">stretch</aspectratio>
							<fadetime>IconCrossfadeTime</fadetime>
							<texture background="true">$VAR[PosterThumb]</texture>
						</control>
						<control type="image">
							<left>20</left>
							<top>495</top>
							<width>273</width>
							<height>323</height>
							<aspectratio aligny="bottom">stretch</aspectratio>
							<fadetime>IconCrossfadeTime</fadetime>
							<texture background="true" diffuse="diffuse_mirror2.png" flipy="true">$VAR[PosterThumb]</texture>
						</control>
						 <control type="image" id="60">
                           <left>10</left>
							<top>134</top>
							<width>273</width>
							<height>403</height>
                           <texture fallback="case-sets.png">case$INFO[ListItem.VideoResolution].png</texture>
                           <visible>!stringcompare(ListItem.Label,..) + !Skin.HasSetting(HideVideoCase) + !Container.Content(tvshows)</visible>
                            <animation type="Focus" reversible="false">
                            <effect type="zoom" center="80,238" start="81" end="100" time="400" tween="back" easing="out" />
                            </animation>
                            <aspectratio scalediffuse="false">stretch</aspectratio>
                         </control>
                         <control type="image">
                           <left>10</left>
							<top>134</top>
							<width>273</width>
							<height>403</height>
                            <texture>case-tv.png</texture>
                              <visible>!stringcompare(ListItem.Label,..) + !Skin.HasSetting(HideVideoCase) + [Container.Content(tvshows) | Container.Content(seasons)]</visible>
                            <animation type="Focus" reversible="false">
                             <effect type="zoom" center="80,238" start="81" end="100" time="400" tween="back" easing="out" />
                             </animation>
                            <aspectratio scalediffuse="false">stretch</aspectratio>
                        </control>
					<control type="group">
						<left>825</left>
						<control type="image">
							<left>0</left>
							<top>415</top>
							<width>422</width>
							<height>4</height>
							<texture>separator.png</texture>
						</control>
						<control type="image">
							<left>0</left>
							<top>455</top>
							<width>160</width>
							<height>4</height>
							<texture>separator.png</texture>
						</control>
						<control type="label">
							<description>Genre</description>
							<left>0</left>
							<top>425</top>
							<width>422</width>
							<height>25</height>
							<label>[COLOR blue]Genre: [/COLOR]$INFO[ListItem.Genre]</label>
							<align>left</align>
							<aligny>center</aligny>
							<font>font12</font>
							<textcolor>white</textcolor>
							<shadowcolor>black</shadowcolor>
						</control>
						<control type="label">
							<description>Watched Count</description>
							<left>0</left>
							<top>465</top>
							<width>250</width>
							<height>25</height>
							<label>[COLOR blue]$LOCALIZE[16102]: [/COLOR]$INFO[ListItem.Property(WatchedEpisodes)]</label>
							<align>left</align>
							<aligny>center</aligny>
							<font>font12</font>
							<textcolor>white</textcolor>
							<shadowcolor>black</shadowcolor>
						</control>
						<control type="label">
							<description>UnWatched Count</description>
							<left>200</left>
							<top>465</top>
							<width>250</width>
							<height>25</height>
							<label>[COLOR blue]$LOCALIZE[16101]: [/COLOR]$INFO[ListItem.Property(UnWatchedEpisodes)]</label>
							<align>left</align>
							<aligny>center</aligny>
							<font>font12</font>
							<textcolor>white</textcolor>
							<shadowcolor>black</shadowcolor>
						</control>
						<control type="textbox">
							<description>Description Value for Movie</description>
							<left>0</left>
							<top>270</top>
							<width>400</width>
							<height>138</height>
							<font>font12</font>
							<align>justify</align>
							<textcolor>white</textcolor>
							<label>[COLOR blue]$LOCALIZE[40027,,: ][/COLOR]$INFO[Container.ShowPlot]</label>
							<autoscroll delay="3000" repeat="5000" time="3000">Skin.HasSetting(AutoScroll)</autoscroll>
							<visible>Container.Content(Seasons)</visible>
						</control>
						<control type="textbox">
							<description>Description Value for Movie</description>
							<left>0</left>
							<top>270</top>
							<width>400</width>
							<height>138</height>
							<font>font12</font>
							<align>justify</align>
							<textcolor>white</textcolor>
							<label>[COLOR blue]$LOCALIZE[40027,,: ][/COLOR]$INFO[ListItem.Plot]</label>
							<autoscroll delay="3000" repeat="5000" time="3000">Skin.HasSetting(AutoScroll)</autoscroll>
							<visible>Container.Content(TVShows)</visible>
						</control>
					</control>
					<control type="image" id="9898">
						<left>190</left>
						<top>137</top>
						<width>188</width>
						<height>35</height>
						<aspectratio align="left" aligny="bottom">keep</aspectratio>
						<texture>$VAR[MovieStudioLogoVar]$INFO[ListItem.Studio,,.png]</texture>
						<visible>!Container.Content(MusicVideos)</visible>
					</control>
				</control>
				<control type="group">
					<left>30</left>
					<top>240</top>
					<visible>Container.Content(Movies) | Container.Content(MusicVideos)</visible>
					<visible>Control.IsVisible(724)</visible>
					<control type="group" id="7240">
						<visible>!Skin.HasSetting(hidecases724)</visible>
							<!-- DiscArt view video -->
			                <control type="image"> 
			                <left>45</left>
							<top>80</top>
	                        <width>200</width>
	                        <height>200</height>
	                        <aspectratio align="center" aligny="center" scalediffuse="false">keep</aspectratio>
                            <texture background="true" fallback="osd/bd.png">$INFO[ListItem.Art(discart)]</texture>				
				            <animation type="Conditional" reversible="false" condition="!Container.OnNext + !Container.OnPrevious">
			                <effect type="slide" end="0,-85" center="auto" time="700" delay="100" loop="false" tween="cubic" easing="inout" />
					        <effect type="fade" start="0" end="100" time="200" delay="200" />
					        <effect type="rotate" start="360" center="auto" end="0" delay="0" time="1500" tween="sine" easing="inout" />
		                    </animation>
				           <include>DiscArtRotateEffect</include>
			               <visible>![ListItem.IsParentFolder | Skin.HasSetting(CdArtVis) | String.IsEqual(Skin.String(OSD.DiscartSelect) | Container.Content(TVShows) | Container.Content(Seasons) | Container.Content(Episodes) ]</visible>
                      </control>
						<control type="image">
							<left>21</left>
							<top>118</top>
							<width>245</width>
							<height>343</height>
							<aspectratio aligny="bottom">stretch</aspectratio>
							<fadetime>IconCrossfadeTime</fadetime>
							<texture background="true">$VAR[PosterThumb]</texture>
						</control>
						<control type="image">
							<left>20</left>
							<top>445</top>
							<width>273</width>
							<height>323</height>
							<aspectratio aligny="bottom">stretch</aspectratio>
							<fadetime>IconCrossfadeTime</fadetime>
							<texture background="true" diffuse="diffuse_mirror2.png" flipy="true">$VAR[PosterThumb]</texture>
						</control>
						 <control type="image" id="60">
                           <left>10</left>
							<top>84</top>
							<width>273</width>
							<height>403</height>
                           <texture fallback="case-sets.png">case$INFO[ListItem.VideoResolution].png</texture>
                           <visible>!stringcompare(ListItem.Label,..) + !Skin.HasSetting(HideVideoCase) + !Container.Content(tvshows)</visible>
                            <animation type="Focus" reversible="false">
                            <effect type="zoom" center="80,238" start="81" end="100" time="400" tween="back" easing="out" />
                            </animation>
                            <aspectratio scalediffuse="false">stretch</aspectratio>
                         </control>
                         <control type="image">
                           <left>10</left>
							<top>84</top>
							<width>273</width>
							<height>403</height>
                            <texture>case-tv.png</texture>
                              <visible>!stringcompare(ListItem.Label,..) + !Skin.HasSetting(HideVideoCase) + [Container.Content(tvshows) | Container.Content(seasons)]</visible>
                            <animation type="Focus" reversible="false">
                             <effect type="zoom" center="80,238" start="81" end="100" time="400" tween="back" easing="out" />
                             </animation>
                            <aspectratio scalediffuse="false">stretch</aspectratio>
                        </control>
						 <control type="image">
                           <left>118</left>
                           <top>90</top>
                           <width>57</width>
                           <height>30</height>
                           <texture>movieset1.png</texture>
                           <visible>ListItem.IsFolder + !stringcompare(ListItem.Label,..) + !SubString(Container.Folderpath,plugin://,left) + !Container.Content(tvshows)</visible>
                        </control>
						<control type="image">
						  <left>200</left>
							<top>89</top>
			               <description>Video stereoscopics flagging image</description>
			               <width>55</width>
			               <height>30</height>
			               <aspectratio align="right">keep</aspectratio>
			               <texture>flagging/3D.png</texture>
			               <visible>ListItem.IsStereoscopic</visible>
		                </control>
					</control>
					<control type="grouplist">
						<description>Media Codec Flagging Images</description>
						<left>305</left>
						<top>447</top>
						<width>590</width>
						<align>left</align>
						<itemgap>4</itemgap>
						<orientation>horizontal</orientation>
						  <include>VideoStudioConditions</include>
                          <include>VideoCodecFlaggingConditions</include>
		                  <include>AudioChannelsFlaggingConditions</include>
		                  <include>AudioCodecFlaggingConditions</include>
	                    	<include>AspectCodecFlaggingConditions</include>
		                  <include>VideoStereoscopicsFlaggingConditions</include>
	                      <include>VideoMPAAFlaggingConditions</include>
                         <include>Animation_HiddenByInfo</include>
                         <include>Animation_ZoomInZoomOut</include>
 
					</control>
					<control type="textbox">
						<description>Description Value for Movie</description>
						<left>835</left>
						<top>205</top>
						<width>400</width>
						<height>210</height>
						<font>font12</font>
						<align>justify</align>
						<textcolor>white</textcolor>
						<label>[COLOR blue]$LOCALIZE[40027,,: ][/COLOR]$INFO[ListItem.Plot]</label>
						<autoscroll delay="3000" repeat="5000" time="3000">Skin.HasSetting(AutoScroll)</autoscroll>
					</control>
				</control>
			</control>
			<control type="group">
				<left>40</left>
				<top>170</top>
				<visible>Container.Content(Episodes) + Control.IsVisible(724)</visible>
				<control type="image">
					<left>-25</left>
					<top>300</top>
					<width>305</width>
					<height>180</height>
					<aspectratio aligny="bottom">stretch</aspectratio>
					<fadetime>IconCrossfadeTime</fadetime>
					<texture background="true">$INFO[ListItem.Icon]</texture>
					<bordertexture border="8">ThumbShadow.png</bordertexture>
					<bordersize>8</bordersize>
				</control>
				<control type="image">
					<left>825</left>
					<top>415</top>
					<width>402</width>
					<height>4</height>
					<texture>separator.png</texture>
				</control>
				<control type="textbox">
					<description>Description Value for Movie</description>
					<left>825</left>
					<top>270</top>
					<width>400</width>
					<height>138</height>
					<font>font12</font>
					<align>justify</align>
					<textcolor>white</textcolor>
					<label>[COLOR blue]$LOCALIZE[40027,,: ][/COLOR]$INFO[ListItem.Plot]</label>
					<autoscroll delay="3000" repeat="5000" time="3000">Skin.HasSetting(AutoScroll)</autoscroll>
					<visible>Container.Content(Episodes)</visible>
				</control>
				<control type="grouplist">
					<description>Media Codec Flagging Images</description>
					<left>-30</left>
					<top>490</top>
					<width>305</width>
					<height>50</height>
					<align>center</align>
					<itemgap>0</itemgap>
					<orientation>horizontal</orientation>
					<include>VideoTypeHackFlaggingConditions</include>
				    <include>VideoStudioConditions</include>
                    <include>VideoCodecFlaggingConditions</include>
		            <include>AudioChannelsFlaggingConditions</include>
		            <include>AudioCodecFlaggingConditions</include>
		            <include>AspectCodecFlaggingConditions</include>
		            <include>VideoStereoscopicsFlaggingConditions</include>
	                <include>VideoMPAAFlaggingConditions</include>
				</control>
			</control>
			<control type="image">
				<left>950</left>
				<top>330</top>
				<width>276</width>
				<height>107</height>
				<texture background="false">$INFO[ListItem.Art(clearlogo)]</texture>
				<aspectratio align="right" aligny="bottom">keep</aspectratio>
			</control>
			<control type="image">
				<left>950</left>
				<top>330</top>
				<width>276</width>
				<height>107</height>
				<texture background="false">$INFO[ListItem.Art(tvshow.clearlogo)]</texture>
				<aspectratio align="right" aligny="bottom">keep</aspectratio>
			</control>
		</control>
	</include>
</includes>