<?xml version="1.0" encoding="UTF-8" standalone="yes"?>				
<addon 
		id="plugin.video.InterMreza" 
		name="[B][COLOR yellow]Inter[COLOR red]Mreza[COLOR white] Video[COLOR lime] Addon[/COLOR][/B]" 
		version="1.5" 
		provider-name="[COLOR cyan]martin[/COLOR]">
	  <requires>
		<import addon="xbmc.python" version="2.1.0"/>
		<import addon="script.module.t0mm0.common" version="2.0.0"/>
		<import addon="script.module.beautifulsoup" version="3.2.1"/>
		<import addon="script.module.simple.downloader" version="0.9.4"/>
		<import addon="script.module.beautifulsoup4" />
		<import addon="script.module.simple.downloader" version="0.9.4"/>
		<import addon="script.module.requests" />
		<import addon="script.module.httplib2" />
		<import addon="script.module.youtube.dl" optional="true"/>
		<import addon="plugin.video.youtube" version="3.0.0"/>
		<import addon="script.module.urlresolver" />
		<import addon="script.module.simplejson" /> 
		<import addon="script.common.plugin.cache" version="2.5.2"/>
		<import addon="script.module.metahandler" version="2.5.1"/>
	  </requires>
			<extension point="xbmc.python.pluginsource" library="default.py">
				<provides>video</provides>
			</extension>
		<extension point="xbmc.addon.metadata"> 
			<summary lang="en">[B][COLOR yellow]Inter[COLOR red]Mreza[COLOR white] Video[COLOR lime] Addon[/COLOR][/B]</summary>
        <description lang="en">[B][COLOR yellow]Inter[COLOR red]Mreza[COLOR white] Video[COLOR lime] Addon[/COLOR][COLOR cyan] Video, IPTV, Sport, Muzika Zabava [COLOR yellow]nameneto za teritorijata na EX_YU.[COLOR red] UNITED MACEDONIA FOREVER.[/COLOR][/B]</description>
		<platform>all</platform>
		<assets>
        <icon>icon.png</icon>
        <fanart>fanart.jpg</fanart>      
        </assets>
		<website>http://kodibalkan.org</website>
  </extension>
</addon>

<!--

############################################################################
#				            $$ $										   #
#				       $$$$$$$$$$										   #
#				  $ $$$$ $      $ 									       #
#				$$$$$            $$										   #
#				 $               $										   #
#				  $              $$										   #
#				  $$              $										   #
#				   $     $ $$$$$    $									   #
#				    $$$$$   $  $   $								       #
#				    $   $   $  $    $									   #
#				    $ $ $$   $$     $$$									   #
#				     $$$$ $$$       $$$									   #
#				      $ $$        $$$  $							       #
#				       $$      $$$$ $ $$$$$ $							   #
#				       $$   $$$$$$$ $$$   $$$$$$$						   #
#				        $$$$     $$$$$$$      $$$$$$					   #
#				                   $$$$$$$  $$$$$$  $$					   #
#				                  $$$$$ $$$$        $					   #
#				                   $$$    $      $$  $					   #
#				                   $$$   $$      $  $					   #
#				                      $   $$     $$ $ 					   #
#				                     $   $$    $  $						   #
#				                     $$   $ $  $  $						   #
#				                   $    $ $  $   $$						   #
#				                   $ $   $$$$$  $$$$$					   #
#				                     $$$$$$$$$$$$$$$					   #
#				                     $$$ $$$$$$$$$$$$					   #
#				                    $$$$$$$$ $ $$$$$					   #
#				                  $$$$$$$$$$ $$ $$$$$$					   #
#				                  $$$$$$$$$$$							   #
############################################################################

-->