<?xml version="1.0" encoding="UTF-8" standalone="yes"?>
<addon id="service.xbmc.iconic"
       name="Iconic"
      version="0.0.1"
      provider-name="Balsang Lowe">
    <requires>
    <import addon="xbmc.python" version="2.1.0"/>
    <import addon="script.module.requests" />
	<import addon="script.module.addon.common" />
    <import addon="script.module.beautifulsoup4"/>
    </requires>
    <extension point="xbmc.service" library="service.py" start="login"/>
  <extension point="xbmc.addon.metadata">
	<summary lang="en">Blank</summary>
	<description lang="en">A plugin for stuff</description>
	<disclaimer lang="en">The original author neither hosts or stores any content, the original author has no affiliation with content hosts, it is the sole responsibility of the user to ensure they have permission to view any streams provided</disclaimer>
	<platform>all</platform>
  </extension>
</addon>
