<?xml version="1.0" encoding="UTF-8"?>
<addon id="skin.confluence.InterMreza19" version="1.5" name="[COLOR white][B]Confluence[COLOR yellow] Inter[COLOR red]Mreza[COLOR lime] 19[/COLOR][/B]" provider-name="[COLOR cyan]martin[/COLOR]">
	<requires>
		<import addon="xbmc.gui" version="5.15.0"/>
		<import addon="script.image.resource.select" version="1.1.0"/>
		<import addon="script.skinshortcuts" version="1.0.10"/>
		<!--<import addon="script.skin.helper.service" version="1.0.10"/>
		<import addon="script.skin.helper.skinbackup" version="1.0.10"/>
		<import addon="script.skin.helper.widgets" version="1.0.10"/>
		<import addon="script.skin.helper.backgrounds" version="1.0.10"/>
		<import addon="script.skin.helper.colorpicker" version="1.0.0"/>-->

	</requires>
	<extension point="xbmc.gui.skin" defaultthemename="Textures.xbt" debugging="false" effectslowdown="1.0">
		<res width="1280" height="720" aspect="16:9" default="true" folder="720p" />
	</extension>
	<extension point="xbmc.addon.metadata">
		<summary lang="en">[COLOR white]Confluence[COLOR yellow] Inter[COLOR red]Mreza[COLOR lime] 19 Matrix[/COLOR]</summary>
    <description lang="en">[COLOR white][B]Confluence InterMreza 19 v1.5[/COLOR][/B]</description>
		<platform>all</platform>
		<assets>
			<icon>icon.png</icon>
			<fanart>fanart.jpg</fanart>
			<screenshot>resources/screenshot-01.jpg</screenshot>
			<screenshot>resources/screenshot-02.jpg</screenshot>
			<screenshot>resources/screenshot-03.jpg</screenshot>
		</assets>
	</extension>
</addon>
