<?xml version="1.0" encoding="UTF-8" standalone="yes"?>
<addon id="repository.livetvSerbia" name="Live TV Serbia Repository" version="1.1" provider-name="livetvSerbia">
	<extension point="xbmc.addon.repository" name="Live TV Serbia Repository">
    
    
            <info compressed="false">https://livetvkodiserbia.com/live/addon/addons.xml</info>
            <checksum>https://livetvkodiserbia.com/live/addon/addons.xml.md5</checksum>
            <datadir zip="true">https://livetvkodiserbia.com/kodi/zips/</datadir>

	</extension>
	<extension point="xbmc.addon.metadata">
		<summary>Watch IPTV channels from Balkan</summary>
		<description>Watch IPTV channels from Balkan. For more info visit our FB page @ facebook.com/livetvserbia</description>
		<platform>all</platform>
	</extension>
</addon>
