<?xml version="1.0" encoding="UTF-8" standalone="yes"?>
<addon id="plugin.program.InterMreza19" name="[B][COLOR yellow]Inter[COLOR red]Mreza[COLOR white] Wizard[COLOR limegreen] 19[/COLOR][/B]" version="1.5" provider-name="[COLOR cyan]martin[/COLOR]">
    <requires>
       <import version="3.0.0" addon="xbmc.python"/>
       <import addon="script.module.requests"/>
       <import addon="script.module.six"/>
       <import version="1.3.2" addon="script.kodi.android.update" optional="true"/>
    </requires>
    <extension point="xbmc.python.pluginsource" library="default.py">
    <provides>executable</provides>
    </extension>
    <extension point="xbmc.service" library="startup.py" start="startup" />
    <extension point="xbmc.addon.metadata">
        <summary lang="en">[COLOR yellow]Inter[COLOR red]Mreza[COLOR white] Wizard[COLOR limegreen] 19[/COLOR]</summary>
        <description lang="en">[B][COLOR yellow]Inter[COLOR red]Mreza [COLOR white]Wizard [COLOR cyan]Instaliranje na Aplikacija, Addoni, Skins, Apk, Iptv za [COLOR red]KODI[COLOR limegreen] 19 Matrix.[/COLOR][/B]</description>
        <platform>all</platform>
        <assets>
        <icon>icon.png</icon>
        <fanart>fanart.jpg</fanart>
        </assets>
	</extension>
</addon>
