<?xml version="1.0" encoding="UTF-8"?>
<addon id="skin.aeon.nox.silvo.InterMreza19" version="1.5" name="[B][COLOR white]Aeon-Nox-SiLVO[COLOR yellow] Inter[COLOR red]Mreza[COLOR lime] 19[/COLOR][/B]" provider-name="[COLOR cyan]martin[/COLOR]">
	<requires>
		<import addon="xbmc.gui" version="5.15.0" />
		<import addon="script.skinshortcuts" version="1.0.10" />
		<import addon="service.library.data.provider" version="0.0.7" />
		<import addon="resource.images.studios.white" version="0.0.1" />
		<import addon="resource.images.recordlabels.white" version="0.0.1" />
	</requires>
	<extension point="xbmc.gui.skin" debugging="false">
		<res width="1920" height="1080" aspect="16:9" default="true" folder="16x9" />
	</extension>
	<extension point="xbmc.addon.metadata">
		<summary lang="en">[B][COLOR white]Aeon-Nox-SiLVO[COLOR yellow] Inter[COLOR red]Mreza[COLOR lime] 19 Matrix[/COLOR][/B]</summary>
    <description lang="en">[B][COLOR white]Aeon-Nox-SiLVO InterMreza v1.5[/COLOR][/B]</description>
		<platform>all</platform>
		<assets>
			<icon>resources/icon.png</icon>
			<fanart>resources/fanart.jpg</fanart>
			<screenshot>resources/screenshots/screenshot-01.jpg</screenshot>
			<screenshot>resources/screenshots/screenshot-02.jpg</screenshot>
			<screenshot>resources/screenshots/screenshot-03.jpg</screenshot>
		</assets>
	</extension>
</addon>
