<?xml version="1.0" encoding="UTF-8"?>
<addon id="skin.xonfluence.im19" version="1.8" name="[COLOR white][B]Xonfluence[COLOR yellow] I[COLOR red]M[COLOR lime] 19[/COLOR][/B]" provider-name="[COLOR cyan]martin[/COLOR]">
  <requires>
    <import addon="xbmc.gui" version="5.15.0"/>
	  <import addon="script.favourites" version="7.1.1"/>
	  <import addon="service.library.data.provider" version="0.3.2"/>
	<import addon="script.randomandlastitems" />
	<import addon="service.skin.widgets" />
  </requires>
  <extension
    point="xbmc.gui.skin"
    debugging="false"
    effectslowdown="1.0">
    <res width="1920" height="1080" aspect="16:9" default="true" folder="xml" />
  </extension>
  <extension point="xbmc.addon.metadata">
    <summary lang="en">[COLOR white]Xonfluence[COLOR yellow] I[COLOR red]M[COLOR lime] 19 Matrix[/COLOR]</summary>
    <description lang="en">[COLOR white][B]Xonfluence IM 19 v1.8[/COLOR][/B]</description>
		<platform>all</platform>
		<assets>
			<icon>icon.png</icon>
			<fanart>fanart.jpg</fanart>
			<screenshot>resources/screenshot-01.jpg</screenshot>
			<screenshot>resources/screenshot-02.jpg</screenshot>
			<screenshot>resources/screenshot-03.jpg</screenshot>
		</assets>
	</extension>
</addon>