<?xml version="1.0" encoding="UTF-8" standalone="yes"?>
<addon id="plugin.video.livetvSerbia"
       name="Live TV Serbia"
       version="1.2.6"
       provider-name="livetvSerbia">
  <requires>
   
	
    <import addon="xbmc.python" version="2.1.0"/>
	<import addon="script.module.t0mm0.common" version="2.0.0"/>
    <import addon="script.module.beautifulsoup" version="3.2.1"/>
    <import addon="script.module.simple.downloader" version="1.9.6"/>
    <import addon="script.module.beautifulsoup4" />
    <import addon="script.module.requests" />
    <import addon="script.module.httplib2" />
    <import addon="script.module.youtube.dl" optional="true"/>
    <import addon="plugin.video.youtube" optional="true"/>
    <import addon="script.module.urlresolver" version="5.0.26"/>
    <import addon="script.module.simplejson" /> 
    <import addon="script.module.metahandler" version="2.5.1"/>
	<import addon="script.module.futures"/>
	<import addon="script.module.liveresolver" version="0.1.24"/>

  </requires>
  <extension point="xbmc.python.pluginsource" library="default.py">
    <provides>video</provides>
  </extension>
  <extension point="xbmc.addon.metadata">
    <summary lang="en">Live IPTV channels from Balkan</summary>
    <description lang="en">Watch IPTV channels from Balkan. 
For more info visit our FB page @ facebook.com/livetvserbia
	</description>
	 <disclaimer lang="en">The author is not responsible for the use of this addon. The author is not responsible for the content found using this addon. The author does not host or own any content found within this addon.[CR]The author is in no way affiliated with Kodi, Team Kodi, or the XBMC Foundation.[CR]This is a Non-profit resource, organized solely for educational purposes which is protected under the Fair-Use doctrine of the Copyright Act, Specifically section 107, which does promote freedom of expression, by permitting the unlicensed use of copyright-protected works.</disclaimer>
			<forum>http://fb.com/livetvserbia</forum>
		<website>http://livetvkodiserbia.com</website>
		<source>http://livetvkodiserbia.com/kodi/repository</source>
    <platform>all</platform>
	  <assets>
			<icon>icon.png</icon>
			<fanart>fanart.jpg</fanart>
			<screenshot>resources/screenshots/screenshot-001.jpg</screenshot>
			<screenshot>resources/screenshots/screenshot-002.jpg</screenshot>
			<screenshot>resources/screenshots/screenshot-003.jpg</screenshot>
		</assets>
		
		<news>
V1.2.5
- Minor fixes

V1.2.5
- Fixed Steam Live
		
V1.2.4
- Serbia TV fix
- Favorites fix // need unicode fix

V1.2.3
- Orion fix + new channels

V1.2.2
- PRV lists improvements

V1.2.1
- added daily PRV lists

V1.2.0
- added liveresolver

V1.1.9
- url fix

V1.1.8
- Common cache removed
- URL Resolver added

V1.1.7
- Favorites fix
- Security improvements

v1.1.6
- Youtube addon fix
- Added screenshoots and info in addon installation

v1.1.5
- Fixed Croatian channels 

v1.1.4
- Added new Croatian channels + Sport Klub

v1.1.3
- Added script.module.urlresolver

v1.1.2
- Some addon improvements

v1.1.1
- Fix
  
v1.1.0
- Bulgaria ITPV now can open without ChromeLauncher addon
  And you can watch on android
  
V1.0
Initial Release
</news>
  </extension>

</addon>
