<?xml version="1.0" encoding="UTF-8"?>
<addon id="skin.confluence.InterMreza" version="1.5" name="[B][COLOR white]Confluence[COLOR yellow] Inter[COLOR red]Mreza[/COLOR][/B]" provider-name="[COLOR cyan]martin[/COLOR]">
	<requires>
		<import addon="xbmc.gui" version="5.14.0"/>
		<import addon="script.artistslideshow" version="2.1.3"/>
		<import addon="script.artistslideshow-helper" version="0.4.4"/>
		<import addon="script.favourites" version="7.0.0"/>
		<import addon="script.grab.fanart" version="0.12.8"/>
		<import addon="script.skinshortcuts" version="0.4.5"/>
		<import addon="service.library.data.provider" version="0.0.7"/>
		<import addon="context.skinshortcuts.addtomenu" version="0.0.1"/>
	</requires>
	<extension point="xbmc.gui.skin" debugging="false" effectslowdown="1.0">
		<res width="1280" height="720" aspect="16:9" default="true" folder="720p" />
	</extension>
	<extension point="xbmc.addon.metadata">
		<summary lang="en">[B][COLOR white]Confluence[COLOR yellow] Inter[COLOR red]Mreza[/COLOR][/B]</summary>
    <description lang="en">[B][COLOR white]Confluence InterMreza v1.5[/COLOR][/B]</description>
		<platform>all</platform>
		<assets>
			<icon>resources/icon.png</icon>
			<fanart>resources/fanart.jpg</fanart>
			<icon>icon.png</icon>
			<fanart>fanart.jpg</fanart>
			<screenshot>resources/screenshot-01.jpg</screenshot>
			<screenshot>resources/screenshot-02.jpg</screenshot>
			<screenshot>resources/screenshot-03.jpg</screenshot>
		</assets>
	</extension>
</addon>
