<?xml version="1.0" encoding="UTF-8" standalone="yes"?>
<addon id="plugin.program.InterMreza18" name="[COLOR yellow][B]Inter[COLOR red]Mreza[COLOR white] Wizard[COLOR dodgerblue] 18[/COLOR][/B]" version="1.5" provider-name="[COLOR cyan]martin[/COLOR]">
  <requires>
    <import addon="xbmc.python" version="2.1.0"/>
  </requires>
  <extension point="xbmc.python.pluginsource" library="default.py">
        <provides>executable</provides>
  </extension>
  <extension point="xbmc.service" library="startup.py" start="startup" />
  <extension point="xbmc.addon.metadata">
    <summary lang="en">[COLOR yellow]Inter[COLOR red]Mreza[COLOR white] Wizard[COLOR dodgerblue] 18[/COLOR]</summary>
        <description lang="en">[COLOR yellow][B]Inter[COLOR red]Mreza [COLOR white]Wizard [COLOR cyan]Instaliranje na Aplikacija, Addoni, Skins, Apk, Iptv za [COLOR red]KODI[COLOR dodgerblue] 18 Leia.[/COLOR][/B]</description>
        <platform>all</platform>
        <assets>
        <icon>icon.png</icon>
        <fanart>fanart.jpg</fanart>
        </assets>
  </extension>
</addon>